Source_id,Sentence_en
1,The tail command has a break line of the Student Information.
2,"""For I have given unto you glad tidings to the brethren, that ye may be established in vain;"""
3,I will click on Browse Repositories button to save the Finish.
4,"Next, we have the initialized pred records with size number as 1st number 1."
5,I have given the words that I may be adjusted by the bonds of a different.
6,"In the first section, we have the first option in the form."
7,Child has affection in you all.
8,calming in minds.
9,"""And they were righteous children, and covenanted with their parents, and fell upon him: and they beat him speak with their knees. And they were filled with them."""
10,"""They breathe, eat food, grow in size, move from one place and seeds by either laying eggs."""
11,They both will wear.
12,Both the soldiers will placing the chariot.
13,Then click on the tab Reposit button at the bottom of the page.
14,The Edit Profile and Delivery on the tab displays Order Entry.
15,"Click on the Dashboard link in the breadcrumbs, to go to the dashboard."
16,"Here, we have declared a servlet."
17,"""It promotes self esteem, concentration and strength."""
18,Those are drums.
19,"Apache, MariaDB and PHP obtained through XAMPP 5.6.30 and Moodle 3.3"
20,"Here, we can see that the Financial Year has been added."
21,Mothers the chariot.
22,1. Growth in living organisms
23,We can see the results in the search bar.
24,"""As directed can do so small ligartha, a day and stainlessness is formed for a major principle."""
25,"""Besides being a widow in fine tuning craftiness, a new species, using a needle, using the previous ten food."""
26,"""Bull of our God, you can feel fresh and soil pollution."""
27,Teacher recites the path of the mace.
28,Boy displays affection in what.
29,"""And they were glad, and heard them, and heard them, saying, MySan, but also, but also as the God."""
30,"In this tutorial, I will demonstrate to create General Ledger Classes."
31,"To get more details, PS” ,"
32,• Place the right arm directly above the left leg and sit on the left hand
33,And I select the Brush tool and select the Brush colour gets tool.
34,Then we register the driver to the first.
35,These elementsare harmful and should not be collected.
36,"""And as ye are our fathers fell upon the world, and mixed with the world, because ye were not."""
37,"""Some flowers are of the water, element of the element of the element, the element of the element of the element of the element of the element of the element, the element of the element of the element of the element of the element,"
38,"""For the Son of man is foolishness; and no man is not the glory of God, but the Father; but his Son of God shall not be glory."""
39,"""May the bilva fruit dispel any ignorance, that the result of your part is different pixels to the person."""
40,"By default, Insert"
41,Kauravas and Pandavas fought in Kurukshetra.
42,"""Rama gathered an army of forest dwellers, in water and from Galilee, in place the forest of music."""
43,With this we come to the end of this tutorial. Let us summarize.
44,These are vehicle and numbers.
45,The first line is drawn used in the text.
46,“gedit” space “talk” space “talk.txt” space “&” grepdemo.
47,"For more details, please write to contact ⁇ spoken-tutorial.org"
48,"Here, you can see that the details for the undefined user Priya Sinha."
49,"I will do this with Layers as a as shown. So, I will not open the website."
50,And the third day are of the world that are God is ever.
51,Welcome to Meet The GIMP.
52,This is how to return statement.
53,We see the output is displayed as multi-
54,We can see the VLC icon in the Confirm dialog box.
55,Let us see how to add a new record to a new record of Measure for kilograms.
56,"""Among divine sages, the god is Narada."""
57,We are the element.
58,I will type: Microbiology here. You can select the Red as 3 i.e.
59,While practicing Nadi Shuddhi one side of the candle.
60,"""And they were their eyes, and covenanted with their parents."""
61,"In the Projects window, right-click on the left side of the IDE."
62,Enter the command: e.gw space hyphen capital SHE.
63,Let us begin with an introduction.
64,Let us change the color to green.
65,"""• The legs, the loop of the toes are aligned to the ground."""
66,Satkarta:One who is the causes benefits.
67,"If you do not have good bandwidth, you can download and watch it."
68,"""It also helps to create aids of the four directories, emulations and the music."""
69,"""• The legs and the loop of the toes are aligned to the ground, move the ground."""
70,In the Confirm Rolfecific name.
71,The best example of the temple in the temple.
72,You all are commanders.
73,Right-click on the folder accounts and select the Design view.
74,Here is an assignment for you.
75,Here we have the Jframe form.
76,"""And they brought young child to eat, and gave thanks, and preached the wind of the sepulchre, and set the winds."""
77,"So, let's try this Demo-n."
78,We can also insert it from other applications to the end of this tutorial.
79,You all spoke the truth.
80,What is the moral of the story?
81,The most important points that thearchitecture of this kind of this kind of non-etemptible.
82,"""While inhaling, expand cage chest the forwards, outwards and upwards."""
83,Then we have to initialized the fields for the new object.
84,Boy displays respect in the temple.
85,"""For he is not the law of God, but the Father; but the Father is life to whom he will he is."""
86,"""It is used to build many types of harmful, and five types of months and five types of food books,"""
87,3. bark/trunk: the middle part between two stamens.
88,"I can click the mouse button, the mouse button at the bottom right corner of the window."
89,We have created a rectangle shape.
90,Cow is a plant.
91,"In this tutorial, we learnt about: Plugins and how to create a constructor."
92,"""And he said unto them, Know these things, and tell a great city, and the moon; and the moon, and the cloud received of the body of the body of the Pharisees began to Jerusalem, and the sabbath day."""
93,"""It also helps to maintain these Mantras of plants, animals and nutrients to grow in growing compounds and diseases."""
94,Let us now learn to use Getting.
95,They are kept in a form of food.
96,Click on Calculus course on the right side of the page.
97,Who is a doctor ?
98,She liked to sing.
99,"This function is a large file or a large number of data, uses the file."
100,"""like work before such as humming, the days may vary of the body parts of joints."""
101,"""And he said unto them, Therefore I am not unto you, but that God shall not be able to gainsay nor resist."""
102,"""We will also be used to live by offering trimming,"""
103,"""And Jesus, moved with compassion, and commanded him, and came, and came down to the gospel."""
104,"""And he that stood by him, and said unto him, Thou shalt thou be saved."""
105,"Lastly, notice that there is an error."
106,"""The practice of Suryanamaskara should be practiced byN-eba, Veorine Posture."""
107,These are locks.
108,Water is a carrier.
109, ⁇ ा ⁇ कः  ⁇ ् ⁇ कः  ⁇ ं विस् ⁇ ति  ⁇ 
110,Who are those ?
111,Click on the Color tabs next to positive to positive bookmarked.
112,Women went to temple.
113,"""And they were glad, and covenanted him speak in the wilderness."""
114,There are two types of mothers.
115,We have now created a database for the database for the first field Type.
116,We will keep the same procedure to get the students.
117,"Now type: hyphen n1 , Press Enter."
118,Perform array operations like toStrings and AD-applications.
119,"Then we will print the ""Welcome to ""HelloSampleApplet"" package."
120,"""And the angel of the church in Smyrna Paul, and hath given unto the seven Spirit:"""
121,"If you want to print the fg++, grep number, grep will be a message: e.g.g.g.g.g. a double quotes 'n'."
122,"Now, we can see only one user. The other users here."
123,Two days!
124,"""Once again, when we had firstbeit comfortably, we want to return the result of the sky, the sky, the sky, the sky of the sky, the sky, is true."""
125,The process of the parent directory by the pwd and the parent directory by the pwd.
126,You are learned.
127,Whose son was Drishtadyumna?
128,Now let us see how to run the application.
129,"In the sub-field ‘a’, Dimensions, enter: Industrial Microbiology."
130,Now let us see some common errors which we can use.
131,It is also known as the body.
132,How to convert data types data in another file. How can be used in a system.
133,and draw the line of the star is used for hiding and the canvas.
134,and Netbeans IDE version 7.1.1.
135,Let’s come here. Let’s come here. Let’s save this.
136,10.3 ASTRONOMY
137,Here we can see that the command is updated directory of that has been assigned to the wc.
138,Click on the Address bar to create a new path.
139,"This is because the default installation of the Linux OS Java Server, laptop keyboard, laptop keyboard, laptop keyboard, laptop keyboard, and LaTeX."
140,We can see the details for the user Priya Sinha.
141,We both must remember.
142,"The application employs (JSP) Java Server Pages,"
143,"And finally, takes the execution."
144,"""• Exhaling jump spread your legs together, legs and toes are palms by the side of the thighs."""
145,SURYA NAMASKAR : Surya means 'Salutation' and Namaskara means 'Salutation'.
146,Krishna is explained.
147,The video of the Spoken Tutorial project is a part of the Talk to a Teacher project.
148,"Spoken Tutorial Project is a part of the Talk to a Teacher project,"
149,The Spoken Tutorial Project Team conducts workshops using spoken tutorials.
150,"""And when he had thus spoken, he kneeled down, and gave thanks to Antioch."""
151,Login with your project and locate your Moodle website.
152,The project team that the download has been installed.
153,and draw various objects on the canvas.
154,More information on this mission is available at the following link.
155,"However, Internet Explorer should be avoided, as it causes some display inconsistencies."
156,Just type the command: ls space minus small l and press Enter.
157,Name any two sources to do the namespace.
158,The foundation of today's seed expansion and folk music is built-in cities of food
159,Relax your eye muscles completely.
160,"""He said that regarded live, thus worship the knowledge of rivers, be doing good cheer, and the till does not know that boys."""
161,"""Whether we are aware that, we should be a number, a number, a number, a number, a number, a number, a number, a number, a number of sack stitches which includes, like-s"
162,"""And he said unto them, Therefore every man must be rejected, but a man's house, and spoiled it shall receive the Son of man."""
163,I must believe.
164,The sequence shown in a model with the fists variable.
165,"In this way, we are the two fishes: Courses are there."
166,It is a simple JSP page with HTML tags that is override.
167,Fold the right leg and bring the right heel under the knees.
168,Let us see what happens if we change the output.of elements to 3.
169,"""And they said unto him, Away desire to depart; but he sent forth his disciples rebuked him, and to take him away."""
170,explain tribal music: One who is the enjoyer of Yagya or nature existent.
171,"So, I can change the color to blue."
172,"""compose 1st Year Maths , , 29, 2789, 12 1st year, 12 1st year Maths, 35, 35, 35, 35, 35, 13 cake, and Kurrings, ch"
173,"""And Jesus said unto them, Because of the scribes and of the Pharisees: and they shall rise unto them shall rise unto them, and they shall rise unto you, and they shall rise up against the Lord God."""
174,"""And the king was sorry: for it is a man, and the sabbath day, and whose carcases of the slew him, and whose praises girded him."""
175,Now let us see how to use static methods.
176,Click on the Close now button.
177,The Spoken Tutorial Project Team conducts workshops using spoken tutorials.
178,"In the Maintenance panel, we can set the value of Hue nothing members."
179,Doing the honour of the guest.
180,You are getting tall.
181,Welcome to the spoken tutorial on seddemo.
182,"Next we will see the Fields ranging values for Zoom, the length of the string username and C++."
183,That is a seat.
184,We use the relatives area to use the feedback for students who have already created a multiple pages.
185,"Now, suppose the second method, let us type int."
186,"""Which was the son of Maath, which was the son of Mattathias, which was the son of Juda,"""
187,The best fertilizers for flowers are the water-soluble for the long periods
188,"So, I select the Curves tool."
189,"""And the contentions say that, Fives, Fall and the potter, and the bigintestine are aligned."""
190,"""Maintaining the position, then insert the eyes."""
191,"Spoken Tutorial Project is a part of the Talk to a Teacher project, MHRD, Government of India."
192,The Spoken Tutorial Project Team conducts workshops using spoken tutorials.
193,"""And he said unto them, Therefore every man must be rejected, and be rejected, but understanding of God, and God, and ever: for the Lord God shall be saved."""
194,vishvam: The all of the Universe.
195,"""While inhaling, expand cage chest the forwards, outwards and upwards."""
196,The boy knows them to know the answers.
197,list of the types of Asana:
198,"""And the soldiers' counsel was to kill him, and bound him, and offering him."""
199,"So, I select the Healing tool and click on the layer mask and let’t want to see the change the layer mask and I can see the layer mask and click on the layer mask and then on the layer mask and then on the"
200,Satyah:One who is fit to protect the ocean of the ocean of the ocean of the ocean of the ocean of the ocean of the ocean of the ocean of the ocean of the ocean of the ocean of the ocean of the universe.
201,Goshala is the metaphor of the development.
202,Now let us open the FrontAccounting interface.
203,Those are two songs.
204,Move them to the eyeballs.
205,"""And he said unto them, Therefore ye not this parable unto them, but that foxes had not, but is common to be saved."""
206,We can see that we get a true because it on the desired output.
207,"Now, press Ctrl + E and t keys simultaneously on your keyboard."
208,Click on Selector tool.
209,I will give saree to a row.
210,"""It helps in proper functioning of eyes, keeping a concentration and organ system."""
211,Now we will learn how to identify the recipients.
212,Click on Send using Fields.
213,"The various tool, you can see the text editor."
214,The output shows only the GI_roll_roll_roll_number.txt.
215,Item Category and Sales Pricing
216,The Build menu is installed successfully.
217,"""And we are found that we are found in the hearts of God, we visited, and do not seeing the hearts,"""
218,Boy has friendship on those.
219,The only difference is in the precisionsney.
220,"""And I said unto you, Lord, that I have sent to my Father; and the Lord opened mine own."""
221,You can see that the frame of this using the language.
222,Child has affection in those all.
223,I will select Rs.
224,"""For I would have given to glory, and to them that, when I shall believe, and shall believe that ascend them in the church of the church, and shall be called the Father;"""
225,Krutantakrut: One who is extremely subtle.
226,This is a very pranayama which is one round.
227,What are the qualities of the flesh:
228,"""And he said unto them, Therefore every man must prophesy again, and nation, and nation, and nation is the pill heaven."""
229,"In the search bar, type: ""human insulin"" within the double quotes type ""strl."
230,"""And he said unto them, Take these things hence of the throne, and of the sabbath day and of the sabbath day and the sabbath day."""
231,Let us proceed to rotation.
232,You all please study.
233,The outline of this talk are as spoken tutorial on the category. This is the course are entered in the course.
234,Those two are garlands.
235,Here is the default option Anlear is a graphical section.
236,"""And now I exhort you to be one of the mammon, and the elders of the mammon of the number of the number of the mamm."""
237,It is also used as an obtain for offering in the five steps.
238,"""And after that he had said unto them, Lord, I am the Lord, that I am from thee to whom I am ready, and I am ready told thee to Damascus, and to Damascus, and I am bound, and I"
239,"""It also helps in breath, deeply and strength to cleanse your concentration skills."""
240,The best fertilizers for flowers are the water-soluble or liquid ones.
241,This conscious relaxation invigorates and refreshes both body and mind becomes calm to the mind.
242,"The next segmentName and communication is Step 210,4,4,4,"
243,What is the difference between voluntary
244,"For that, we have successfully created a stlibre the same file in the home folder."
245,Monkeys will beat the flowers for their results.
246,"""For God hath not declared unto us, but for us of God."""
247,"""Plants help in maintaining oxygen balance, the most important gas that enables us to breathe. Animals emit carbon dioxide levels in our body."""
248,The left panel is not turned into the river.
249,The files used in the up or press Ctrl+SQL server-arrow key together to see the correct option.
250,"""The quality also differ in different reasons,"""
251,"""And the building of the wall of the wall of the Lhanaan, and the son of the son of the son of the son of the son of the son of the son of the son of the son of the son of the son"
252,These are two sarees.
253,This will take some additional operations will be assigned to a message Sit.
254,"""And the king was sorry: for a parable unto them that sat with a loud voice, and the oath of the earth:"""
255,I will not disable the peripientsing to do so I am doing this image.
256,Do you have questions in the slide of Netbeans.
257,"""After studying the next to the two tab, when he saw the sabbath day to the sabbath day to the sabbath day to create a man."""
258,Then click on Next of the page.
259,Let us place the 'testdir' process.
260,"""For I bear you, that I have not given you:"""
261,A new page opens.
262,This tutorial is a very vector of system and Solutions.
263,"The sequence objects in the up-ncial year, by default."
264,Those two are gopikas.
265,"If not, for relevant FrontAccounting tutorials, please visit our website."
266,Type here.
267,It is believed that the Earth is believed that a softered for the food is called ayurveda.
268,"""Use a light fitting lid, so that the steam is retained inside."""
269,"""The word mudra has a number of index 0 to the meanings of this meaning """"flat."""
270,"""And the building of the wall of jasper: and the chief priests heard it was to deliver the four angels were very chief priests, to birds, to birds, to birds, to birds, to birds, to birds, to speak unto"
271,"""And he said unto them, Know ye know that are:"""
272,We may see that the numbers is displayed as it is.
273,Let us go to the Koha interface.
274,"Now, after the printf statement check if the condition is installed successfully."
275,"""We have seen this problem, it is maintaining these different ways of help ine and inKwashiorkor area."""
276,Try to avoid this time of this time for a new brush.
277,Always bend from the beginning of the Advanced
278,"""And they were glad, and covenanted with their hands, saying, Alas, that they might be fulfilled, and destroyed them in marriage, and destroyed them out of dignities."""
279,There are no change in green.
280,"To know more about this tutorial, I am using Firefox version 7.0."
281,I think I haven’t rotated the image properlyies have a bit and here is each pixels here.
282,Observe that the changes has changed to been added.
283,This is because the main method is declared.
284,"And, you should also have Admin access in Koha."
285,Let us see the code with the same.
286,"""And when he was come into the water, he was sowd with water, and prayed, and prayed, and prayed."""
287,"""And he said unto them, Know ye not this parable? and how then have heard out of the Lord, and how then shall rise against the Son of man rise up the judgment of God?"""
288,The multiline comments
289,"""And he said unto them, Go ye into the synagogue:"""
290,"Now, let us try the short code for this. Save and Run this."
291,Open the web browser and Resize the Firefox web browser.
292,"""And they shall say unto you, Of the Son of the Son of God; and the earth shall be killed, and the powers."""
293,Useful learning material is available.
294,The fruit of the devotion is mental peace.
295,"""And they departed, and went up into the border, and went out of the temple; and they sought him."""
296,Then we print the string.
297,The sequence objects are printed by the showDetails().
298,Arrange objects can stop multiple conditions or audio (s) and password for all current session and similar to login purpose.
299,"""We accumulate dirt in the mind by thinking bad about others, giving others, giving pain to others etc."""
300,Let’s go to the left hand side of the page.
301,"""And to give him to the Son of man that teach in all things, and to the law, and to the law one, and to the law,"""
302,"""After exhalation, the boy drinks, the boy drinks."""
303,"Now, let us draw the original pattern is selected by moving the original object."
304,During his stay there a bowed in Janasthana like Rudra and had a cow very long places.
305,Scroll down and click on Save and return to course button.
306,Right-click on the folder account and select Copy.
307,"""And Jesus stood he said unto him, By parables, I am he, that he, and began to depart from Galilee unto the Lord:"""
308,They were connected to eat.
309,"""And they were glad, and covenanted with him, saying, This is a desert place: but now they shall kill make the earth shall be called the earth."""
310,"""And he said unto them, Know ye know how can I am the tempter of the God of the God of the God, and makest thou me?"""
311,"And finally,"
312,"""Preetam asks Ramu 'Kaka, why' was there? why do they know that cowdung had a place in the human ear? What does it is a place of the 'Preetam, why hast asked."""
313,Let us open the POLYLINE to open the Moodle installation.
314,"Now, go to 260 PUBLICATION, DISTRIBUTION, ETC."
315,People treat you are able to learn the fruits.
316,"""Pull the needle through, pulling the knot to our back up making our senses and the fabric."""
317,Slowly twist your palms directly.
318,"""And herein I give thee, and the potential to death, and the potential to death."""
319,"""Exhale, come up bring down the heels."""
320,People treat the path.
321,The grace of myster in my field is connected.
322,Those are two drums.
323,"""Paschima means ‘west or back’, Uttana means ‘intense stretch’ and asana shows a ‘yoga pose’."""
324,"""We may get our blast reports uncauses uncausecy our head."""
325,"Now, let us look at the next page."
326,"""O foolishae Kingdom- Algae, I am remembering, I am not wish told."""
327,Select the Default Language as English.
328,"use Auto-in variables,"
329,The Rows and Columns dialog box opens up.
330,It is a simple JSP page with HTML tags only.
331,Then we will print the string and the length of the string s1.
332,"Notice that now selected, the shape now selected object."
333,It is believed that the Earth is not difficult to spotted.
334,Now we will declare a variable a variable name. Come to the values of the variables.
335,"So, I switch to the same procedure for this image and now I will switch the Threshold to zero and now."
336,"If our case, the first line is now prompted to the email-editable, then the email will be copied."
337,Sisters listen to the Gita.
338,"Now, let us type: return to return the admin."
339,Click on the Help icon to remove the courses under the canvas.
340,"""And Jesus said unto him, Thou shalt never wash my kingdom, and shalt not pass, but shalt not pass the kingdom of heaven."""
341,"""And the soldiers also mocked him, and offering him, and offering him a."""
342,We will declare constructor inside the method inside the final variable in Employee class.
343,"""• The leaves are very useful to improve blood supply and learning."""
344,"For that, we will do not type the following as the same password."
345,• Aatma Nivedanam
346,Boys read the magazine
347,"""And they brought him to him, and preached the sepulchre in the synagogues, and set him."""
348,"""And Jesus answering said unto them, Have faith in heaven is a man that is a man that is good thing, and the off: and the off the off the power of God shall be blessed of God."""
349,I will type: Microbiology.co.co.
350,"""Bull the destroyer of this, the destroyer of the destroyer, the destroyer of bull of the Sattva and the State-eeven the body becomes the body becomes the body and the volumei."""
351,I will leave the field for 006.
352,We are ready to Step 3.
353,This will display the values of the chapel grade.
354,"Now, let us learn addition operator in use less than or less than."
355,You are a leader.
356,Click on the Windows search bar to see the Terminal icon again.
357,Click on the dropdown Download solve button. This will display the panel.
358,"When you lock a layer, you are able to convert the users to see the values of the users."
359,"""Now exhale completely relaxed and listened up the pressure, and feel the pressure"""
360,People went after doing circumambulation to Krishna.
361,This is a very powerful sufficient for human body.
362,Some of these objects are madeup of metals
363,There are two options under the Fill tab. Click on the drop-down box.
364,I will leave the Grade.
365,"""By making Samyama on the real modifications of thepower of themind, match and the space of thepower of thepower of thepower of thepower of thepower of thepower of thepower of thepower of the"
366,"""If we say that we say, we shall you, what is the name of God?"""
367,"So, type: Student s4 is equal to new Student within parentheses."
368,Pranah:One who is fit to be worshipped in the form of the heartlotus.
369,"""It helps to move these Mantras, and taste of objects."""
370,"The Spoken Tutorial Project is funded by NMEICT, MHRD, Government of India."
371,Now type: cd space minus dName space hyphen space frontaccounting.
372,Select the Bezier tool from the Tool box.
373,This will display the text as the text.
374,"""And when he had found him, he brought him a parable, and gave a cloudulted with a lake of them, and John, and John the elders, and John the people, and John the chief priests, and captain, and"
375,"Next, we are using the students who are staying to get the students."
376,Select the date and first 5 last session. I will select the Bezier tool.
377,Boy displays compassion in her.
378,Krishna wears musk streak on forehead.
379,"""After a needle"
380,"""The Bhagavad-Gita is a conversation between Arjuna and Krishna, his charioteer."""
381,There are many components inside the blood.
382,"In the Projects window, choose the Projects window."
383,"""We can also make paratha, chela, chela or dosa on the tava."""
384,"""And he said unto them, Ye must be rejected: for their journey, and serve them, and warming upon him, and warming upon him, and drink with all the world shall be fulfilled."""
385,We see that the final method has been printed.
386,"Now, we can see the output is true because the values of id."
387,"using the Linux,"
388,Select Nitrogen and select Add and username from the MySQL database.
389,"""Sri Rama is like Visnu in prowess,"""
390,Now I have to save it.
391,The girl stood on the path.
392,Boy displays affection in that.
393, ⁇ ं प ⁇ ि  ⁇ ि  ⁇ ् ⁇ ि  ⁇ ि  ⁇ ि  ⁇ ि  ⁇ िं क ⁇ ि ?  ⁇ ि ?  ⁇ ि ?  ⁇ ् ⁇ ि ?  ⁇ ि ?
394,Arrange objects can be created exactly to move the canvas.
395,"""It also gives us milk from the ego, used to move our body to the althoughs."""
396,Here is the 'x' and 'C' has the 'C' has a character (.
397,I want to keep the mid terms as they do so.
398,Now let us learn how to use static methods and how to use static methods.
399,"""But if there be no interpreter, let him be no interpreter, let us watch."""
400,"You can see the Saturation here, here is also see the path of the Curves tool."
401,It is important to note here that :
402,He will be wishing to learn Sanskrit.
403,Click on the 'Search bar' and type the word.
404,This is our header file.
405,Enter the  ⁇ 1
406,You are a leader.
407,And error message is not next.
408,"""Ayurveda, the two buckets the musical practice originating in Tadasana. Supta virasana is one."""
409,"""For he looked for a city which hath foundations, whose builder and maker is the servant of the earth: but the book were in the book of the book of the book of the book of the book of the book of the"
410,"In this tutorial, I will demonstrate how to create a different color of software and how to modify the brush acting with the brush act."
411,Then we register the driver in the form.
412,This is a snake.
413,You will be wishing the play.
414,"""And the soldiers' counsel was to kill the prisoners, and was to kill him,"""
415,"""For this Agar is mount Sinai, and communions more than more than more than more than more than more than one body."""
416,"I will type the username and password as admin. So, admin.cpp."
417,"""And whatsoever we have prayed, saying, If thou shalt have treasure in this world, I will believe that thou shalt be with me."""
418,Click on Back to participants list. Observe the text below the text.
419,"""And they were carried to eat, and made them in temples, and made with hands perplexed, and creeping into the city, and creepers,"""
420,A class defines the private is displayed.
421,Then click on Create button.
422,Those are samskritam houses.
423,"In this tutorial, we will learn to create a MARC Framework in Library Management Systems."
424,Let us see what happens when we can see the 'end'.
425,"""And he said unto them, These are the angel of the words; and the prophets, which thou hast loved me, and thou hast loved me; and thou hast loved me."""
426,1. Why is the wife?
427,He worshipped in temple.
428,"""For no man can no man ever yet hated his own flesh; but nourisheth not for his own new."""
429,TERMINAL QUESTIONS
430,I will select- Date as- Column-ward.
431,"""By making Samyama on the sun, the sun becomes of thepower of thepower of thepower of thepower of thepower of thepower of thepower of thepower of thepower of thepower of thepower of the"
432,"""For this cause therefore is the kingdom of God, but the Lord Jesus."""
433,"""And when he had thus spoken, he said unto them, Go shew yourselves, and gave thanks, and said, I am a sabbath day, and began to see the sixth hour."""
434,Here is an assignment for you-
435,"Now, let us look at the command."
436,The Spoken Tutorial Project team conducts workshops using spoken tutorials and gives certificates.
437,To get familiarized with a single quotes use
438,"""The leg muscles should be relaxed, with the exerty of the exertions or the right arm."""
439,"""Mastering your straight and out of your existing language, you can also make a sharp using a straight line."""
440,"The default, using the fourth base, the objects using the getParameter method."
441,The teacher teaches the BhagavadGita topic.
442,"""For as the body is dead, that he is Christ."""
443,"Then we print the ""Ex"" command. Now let's change the parameter to ""."
444,"""But who is like unto himself, that is like unto the Son of God?"""
445,"""• The legs, the loop of the toes are aligned to the ground."""
446,"""And when they had taken up the sea, they laid the uppermost and laid the uppermost in the street and they laid the street."""
447,Did Is you?
448,"""And Jesus answered and said unto them, Take heed that ye have heard them:"""
449,Change the extension to PDF.
450,"""But other fell to the magistrate of the church, and to taking in the things which are despised others;"""
451,"Open the terminal by pressing Ctrl, Alt and T keys simultaneously on your keyboard."
452,We both must do.
453,Our our program is based on agriculture.
454,"The next menu is “S” menu items, the Server Pagesfer or whitespacesne stove."
455,The next segment which is blank indicated to the whole body.
456,"""After seeing ,the boy is asking."""
457,The value of 2 and 2 represents the values of 100 and grade are printed as 1st.
458,"""And they were glad, and covenanted him money in the world."""
459,Login with your admin username Samruddhi.
460,This is a conch.
461,List fively in two types of the Niyamas.
462,"""Yogasanas: Viparitakarani, ArdhaSirasana, Maricyasana, Hamsasana, Hamsasana, Hamsasana, Hamsasana, Hamsasana, Hamsasana, Hamsasana, Hamsasana, Hamsasana, Hamsasana, Hamsasana, Hamsasana, Hamsasana, Hamsasana, Hamsasanasaritha Sarvangasana"
463,Please download and general questions on your computer.
464,Type the following dna4 equal to string and press Enter.
465,Those two are rishisage.
466,Yudhishthra refuses to enter the chariot without neck
467,Note that our file name is pointers_demo.c.
468,"""And Jesus answered and said unto them, Verily I say unto you, The Lord, The Lord is my Father which ye bear witness of you: and ye shall bear him, and my Father which is in my Father's life."""
469,We are now in the admin dashboard.
470,"Now, I will enter Barcode as accession number 00001 in COOKS."
471,Note that the keywords that this is empty area Helloworld cannot be changed.
472,We can see the sixth element is a single “trated”.
473,I have already downloaded the required of the size of this brush.
474,It is also known as the Sun without spory organsses.
475,"""And Jesus stood by ship unto you, and to go before the Lord, that ye may be ready to you:"""
476,Click on the Help icon to Help on the canvas.
477,"""And he said unto him, Go shewing to his father, and his father, and his father, and his father, and his father, and his father shall I am he not give unto me."""
478,Who are those excellent elephant's?
479,Type the command as shown here. Type FNR instead of NR. Press Enter.
480,"""For God hath not the members of his head, but of the Lord; but he that he should be called the word."""
481,I will be doing the worship.
482,"""2. Protista Kingdom- Algae, Amoeba, Amoeba, etc."""
483,"""Among the kinds of honey, the god is Sattama."""
484,It summarizes the Spoken Tutorial project.
485,The function declaration is same as input or arguments. Output file.
486,"""For God hath made us unto us the members of his servant, and his servant David, yea, and his servant David, yea, and his servant was not in his glory."""
487,The fruit of the devotion is mental peace.
488,These corresponding files using Java tutorials.
489,"""And they brought young child to him, and brought him to lay hold on him: and they sto them, and they sought him, and brought him to lay hold on him."""
490,"""And he said unto them, Therefore I am not unto you, but that I am not as the Father of God."""
491,Kshema-krut: One who eats up or enjoys for protection to enjoy the five great elements of a sense of tremen.
492,Useful
493,"""The children should be relaxed, with the fiversal spine or the children."""
494,It is basically saluting the Sun through postures.
495,"""It also helps in maintaining oxygen balance mixing oxygen balance, carbondioxide andboosting oxygen."""
496,The next line is to 30 seconds is declared “Talk to a pattern”
497,The Sprayer is also used to moisten the course.
498,Choose the suitable Verbutton.
499,Who had been promised by Dasharatha? Who did they said by Dasharatha?
500,Boy displays regard on you all.
501,These are lakhs in the earth.
502,And we have to wait the condition 7 in day.
503,"""And when he had thus spoken, he was entered into the chief priests and scribes and gave thanks, and gave thanks, and said, and the chief priests."""
504,You both please study.
505,Observe the changes as above the first.
506,You can see that the Toolbox dialog is quite cramped.
507,In this tutorial we will learn:
508,Sometimes a tail may be used in the balance between lines or may be used.
509,Set the Scope as session
510,"Overall feedback is the text shown to the quiz, change the color of the blue."
511,And then select the values into the operators and the Saturation.
512,"""And Jesus said unto them, Verily I say unto you, They shall betray him."""
513,"""The God of the God of the cow Rishis believed not by the gods, Bhasmoning the God of the firm of the God of the God of the God of the God of the God of the God of the God of"
514,"""He saith unto him, O faith, O King of God, and not man that is like unto God, and sinners:"""
515,Samsthanah: One who has taken up the names of all beings.
516,The next option is Highlight and it is Courseed by the tool. This is HSLal Mission.
517,"""And he said unto them, Go shewing into the synagogue: and he went out of the city, and he saith."""
518,"""Bulling the destroyer, do not brence."""
519,"If so, click on the formatting toolbar, then on the Navigation list to remove the courses under the strokes."
520,"""These are necessary for walking, and grows and are made rich in oil."""
521,"""Pranayama, helps us in following manner-"""
522,Paternal grandmother chanted a line.
523,"""Maintaining the position, feel free from the beginning."""
524,and draw the path for the object.
525,Bruhadrtha came from Kosala.
526,I will leave the value as 1 as it is.
527,In between two gardens assembled.
528,It is called as compound data-type.
529,You will be able to the teacher by the future.
530,Those two are chariots.
531,Go to Path menu and click on Add new brush.
532,Scroll down and select the Optional desktop.
533,Then initialize the values of the four thousand 9 hundred for the two objects using setAlam.
534,And to godliness and contentious in a particular class name.
535,Click on the Color tabs next to positive to positive to positive to positive bookmarked.
536,"""For he looked for a few seconds, and taught them that were with him, and taught them that were with him."""
537,"""And the younger, and the suddenly will not kill; but they give it, and as the fall, and as the fall; and they offered, and dur:"""
538,We will check the option.
539,Boy shows affection on that.
540,"""And when he was come into the synagogue: and there was no man were possessor of a man,"""
541,"""Bhaskarcharyacalculated accurate time of years old, she call by earthtoopardonysius and hath pleased the body."""
542,"""• The legs, the head are straight up for the length of the thighs."""
543,"Next, we have the check-box for awk program. This is not check if."
544,"""And he took it, and followed him."""
545,Boy displays respect in these all.
546,"""And Jesus loved Martha, and her, and her sister him."""
547,Now let us see how to use static methods with an example.
548,This completes one round of Sitkari and exhalation.
549,This pranayama increases the heat of your body so that particular chapter are equivalenting on the TV.
550,We can see the values of the variables.
551,It is also known as go through the mouth of the plants.
552,"So, type: Student within parentheses int r_name. So, name is equal to new Student type, name and semicolon."
553,• Sit erect perfect flat foot.
554,And finally fists of the two images.
555,"Now, let us try the value of x is set to 10."
556,3. What is the difference between voluntary?
557,What is the moral of the story?
558,Please locate the Source package.
559,It is a very important to note here that:
560,FrontAccounting interface opens.
561,We get the output as expected because we have 3 different value of 3 arguments.
562,"""Jesus answered them, that be of God, and I am he."""
563,"So, let me open it."
564,You all must sharpen your swords.
565,I zoom into the image with a bit darker and brighter just pulling the white colour.
566,A new page with the heading Welcome to login title Miscellaneous category.
567,"So, let's choose ."
568,He is not needed.
569,"""For we are in danger to be called in the truth, and partakers of the Lord Jesus Christ Jesus Christ."""
570,Let us start with the introduction to Array.
571,You may use any web browser of your choice.
572,"The Spoken Tutorial Project Team conducts workshops and gives certificates.For more details, please write to us."
573,This posture is also known as gorilla pose or hand under foot pose.
574,Here is a small assignment for you.
575,The spoken tutorial website is listed as the first option.
576,"""• The left arm is straight and back, the back side on the back side."""
577,"""And he said unto them, Go ye into the synagogue: and they shall be forgiven him."""
578,Tick for human body is abody harmful.
579,create and finally displaying the script
580,"""And when they had taken the body, they brought their eyes, and gave him to be brought unto him."""
581,"Now, type the following code to represent the meaning of the string command as shown. Press Enter."
582,More information on this mission is available at this link.
583,Both the sides of the mother boys are their.
584,These two are rishi
585,Monkeys will beat their grandfather in the water.
586,Type the username as Id dot name.
587,We can also edit the networks option to see the Admin Section Page.
588,What are you serving?
589,Water is a carrier.
590,Click on Add new button at the bottom of the page.
591,Then click on the Save Role button at the bottom of the page.
592,"So, here Direction is not needed by default."
593,and MySQL database server.
594,Let us create a new project with Java class.
595,The ‘Firefox Sync Server Pages the MySQL server node.
596,We will also view the values of the variables.
597,Write a database with database or database server IDE.
598,"Next, we will learn to create a different parameters using Spray tool."
599,"Now, I have to merge these layers again. So, this has now I have to change the image into blue."
600,Sit in any meditative posture. Close the practice.
601,Grandmother tells a short story.
602,"You may enter the same as per your teacher, in your choice."
603,Switch back to the launcher on the canvas and release the installation.
604,Sometimes a calf many times which is nearby the branches
605,"""Among the god is Narada."""
606,It is a very powerful asura of the God.
607,Don’t want to disable the answers.
608,This will hide the list of the selected users in the selected way.
609,"""After reading lesson, you will be able to:"""
610,"In the Properties window, below the Palette,"
611,"Today, we will talk to talk about the Library Management System."
612,This is a scale.
613,The using the Arrow Mode and the objects are aligned to the last session.
614,"I will type 3% as 3, if I will hold the username and password as 3% as 3, so I will not demonstrate (2 equal to 64-bit under date."
615,Boy displays affection in these.
616,"""• Let the weight of the body rest entirely on the ground."
617,"The prerequisites for installation such as Apache, PHP obtained or audio files can, Yahoo India and password for typing."
618,"""These are necessary for walking, digesting food, and Madhya Pradesh."""
619,The total number is between the two images.
620,"""4. Plantae Kingdom- plant kingdom - his charioteer."""
621,These are wheels.
622,Arjuna received Pashupati's warhead from Shiva.
623,"FrontAccounting interface opens. Before learning, FrontAccounting interface are performed by using XAMPP service."
624,This is because the variable of the variable count decrease the variable.
625,You all must think.
626,"""Verily I say unto you, That I will drink no more of you, but that I am not; but that I am not, but that I am not, but that I am not, but that I am not."""
627,"And the fruit of the world shall carry joy and the false is no man."""
628,Students knew mathematics.
629,An octave is the interval between the two images.
630,Moodle also provides detail and document use of Java Development.
631,They are also used to carry people.
632,"To compile, type the following code as ""org"" file."
633,You may illuminate
634,The program compares nucleotide.
635,You all must think.
636,"""It is believed that It could be used in the form of the drni deformed, and Upasyadevata."""
637,For who hath known the poor? and the poor saints of the hardness of the Lord Jesus Christ?
638,"Now, let us see how to execute the same program in C++."
639,"Click on the Dashboard link in the breadcrumbs, Courses drop-down box."
640,"""And he said unto them, Therefore every scribe which is instructed unto a man that is born of God, and it is called the God."""
641,"To record this tutorial, I am using: Ubuntu Linux OS 16.04"
642,"In the Class Name field, type ""Subject""."
643,This will search for the next page using:
644,And the gospel must be published among all nations.
645,This brings us to the end of this tutorial for working.
646,"""And he said unto them, Go ye into the city of the city, and John which is like unto men, and the cup, and the cup of the cup of the Lord, and the cup of the Lord:"""
647,Few examples.
648,1. All the specie organisms originate from the developmentprocess.
649,He regrets seeing loss of money.
650,• Press both hands beside each other in a different parts of the elbows.
651,Click on Add information to use Synaptic Package Manager of question mark on the page.
652,Courses us to access the characters in C and C++.
653,"""2. mouth, tongue, pipe, stomach, liver, small and bigintestine"""
654,"""The main method has a name of Krishna, he has a bad habit."""
655,This opens the Synaptic Package Manager.
656,The program compares the whole line and clopens them and fine.
657,Click on the arrow.
658,"""The object ofperception is free from one player to another with the other player (cel,)"""
659,"By default, you are a more water medicinal statements."
660,You may use the web application
661,The FrontAccounting window opens.
662,It also gives us to various predefined shapes.
663,"In this tutorial, we will learn about:  ⁇  Creating along in parentheses a book."
664,"""It is also used to learn about the various types of harmful products, protozoa, pollution and other objects."""
665,"""And when they had lifted up, they asked him, saying, What city, Master, or by him, or by him, or that they do we do ye do ye?"""
666,"In the form of data, it is the output."
667,Then click on and then on Profile link.
668,This will start downloading from the website or continue.
669,"""And the soldiers also mocked him, and walked no man to him, and offering him several ability to them."""
670,Now save and run the program.
671,"""And he was astonished at his doctrine, and saith unto him, Whose was in the Lord, Thyatira, Thyatira, and was in the Lord."""
672,"Now, let me come back to the left side corner."
673,"""And Jesus answering said unto them, Have ye not many Pharisees? for ye not up?"""
674,"""What is Ego, the Sun of the story of the story which is the gardening the gardening the gardening the gardening of the gardening of the cow, cow, cow, cow, cow, the cow, the cow,"
675,"""Breathing Practices are up through the breathing practices and normalize the breathing practices and rhythmic. While exhaling slowly. Straighten the breathing, keep the head."""
676,and produces beating in water.
677,"In this tutorial, we will learn about: various blocks on the main texts dashboard and Eclipse."
678,"""And they brought young child to him, and brought him to him to him, and brought him into the castle."""
679,"""But the chief captain, that is the resurrection from the dead, and in craftiness, and the law, and the law, and the law of the dead;)"""
680,It is also known as the ability to spot ety and its upper branches.
681,The next option is Style of navigation. The new page is Rs finded here determination between: Delet200 rupees. The new course is a new course is a new course is a new course opens.
682,"""Keep the body straight and head, keep the hands above the head."""
683,Slightly bend the head.
684,She asked doubt.
685,Come back to our terminal.
686,Let’s zoom into the mouse-box.
687,And the remed day of the army and the chapter will take the exclamation mark.
688,Type at the command prompt: cat space example3 press Enter.
689,"""He saith unto him, Are tell me, Simon? And he saith unto them, O I am I am I am I am he. And Judas, behold, behold, behold, behold, I knowing me, I am I"
690,"I have put a ‘l file ‘file’ and then’, go to the next line, say-click on the next line, I will type:"
691,What are the qualities of the two expressions?
692,ii. Mid brain: One who takes food to him.
693,Teachers explained in the morning.
694,Place the palms on the thighs.
695,Boy displays affection in you all.
696,Then we will delete the result.
697,Paternal grandmother chanted Krishna's name.
698,"""• Bending the right hand, place the right palm on the knees and place the knees."""
699,"""And he said unto them, Follow the net, and cast out devils: and the multitude was sowd of the Lord, and the Lord, and the Lord, and the Lord he departed."""
700,"""And he said unto them, Therefore every scribe which is instructed unto us, and shall be called the Jews, and shall be taken away the body of heaven."""
701,You can use any web application to print your mobilize.
702,We can see that the entry for the user Priya Sinha has been printed.
703,"""And they were glad, and covenanted with their hearts, and fell asleep:"""
704,"""If we don't know how they are clear the harmful of 'Setu' room for the 'Konquer'? What is 'Preetam, we know that'? What is it is 'Preetam, we know that the 'Preetam will"
705,Father watches television.
706,Few forms of cows.
707,Sthiti: Supine Posture
708,"""But God hath raised up the dead, and not of death:"""
709,Child has respect in me.
710,Click on the Debit textbox and type the word INKSCASE.
711,Notice that the checkbox Discussion subscription is now.
712,They were taken to a nearby hospital.
713,"""For we commend not ourselves to you, but your own souls to come to the truth."""
714,Food prepared by leaves is often religious and plants.
715,"""And he said unto them, Cast the net on this mountain, and said, Take nothing."""
716,Click on Save and then on Save. Now the file will get the output.
717,"""For our rejoicing is called a man, who is good thing, and boast of good thing which is evil, which is evil, which is evil, which is evil, the law of the law of the law of God."""
718,The pop-up message shows that the quotation has now.
719,"""For we can see that we should be judged, we are judged, are absent, we are absent, and not give up."""
720,You two are observing the army.
721,"The Clone tool, – KTouch dialog, FSQL Account and Pho, Jy, Jy, , , , Nonpublic note, , , , , , , "
722,"In the file field, type: ""file.com""."
723,The Spoken Tutorial Project Team conducts workshops and gives certificates.
724,3. Why do living objects need food is required to make a medium?
725,"Here, the value of the_number is assigned to a and c."
726,The Launcher makes it easy to access frequently.
727,Compile as before.
728,"So, I can select the Red, Green, Green, Blue and around the lines here."
729,"""Exhaling, stretch them straight"""
730,"""During Trataka practice, you will be able to focus as the body."""
731,Women went to temple.
732,These pesticides protect humans and plants.
733,We can see that the ‘Fileges’ has been changed to the next.
734,"""And when they had finished their knees, they had called the people, they sailed, and preached the word of fishes, and preached the gospel out of the people."""
735,"""Earth, water, fire, fire, air and false ego are taken by rotation."""
736,Boy displays affection in you( all.
737,"""Noise can be simply defined as """"unwanted sound""""."""
738,The teacher teaches the BhagavadGita topic of the temple.
739,Nandano: One who gives delight.
740,"""Beware of false prophets, which is called the kingdom of heaven is of God."""
741,"""First apply constant pressure around the knees, keep your hips, and chant Bhramari through the shoulders."""
742,I have given my words in the GIMP.
743,Satyaki came from Dwarka.
744,"""When Shiva asked, they marvelled, they need not get more value than graphite to lay in a day."""
745,Click on Start button to optimize.
746,Let us now learn somethingabout the string s.
747,"Now, let us select the Nodes to the left side."
748,Let us change the modifier to the method in Employee class.
749,"Now, type: cd space minus d space minus o space within single quotes space grep space minus o space grep space minus o space grepdemo.txt.txt"
750,"If not, for relevant tutorials, please visit our website."
751,Click on Upload this file button and select the CSV file.
752,BHUJANGASANA AND PARVATHASANA Sthiti: Prone Sthiti
753,The index is because we have to add a constructor.
754,"""And I speak this by permission, and coming the brethren, and the brethren, and the brethren, and the brethren that they should be called holy, and that thou shouldest be called the day of God."""
755,"""And he said unto them, Go the third day, and the third day is the Son of man, and the earth:"""
756,The Save Training Lecture – KTouch dialog box appears.
757,Soldiers capable people worship.
758,"""And when he had found him, he had found him, he found him, he found him, he said unto them, Because the Lord, and said, I am he that eateth."""
759,"""And they were glad, and covenanted with him, saying, This is written, This time is the third day."""
760,Those two are samskritam houses.
761,Vasureta: He whose Retas (Semen) in Yajnas.
762,and delete the assignment and the guideline of the guideline of the guideline of the guideline.
763,The homepage Welcome to Spoken Tutorial Library opens.
764,Now type ls and press Enter.
765,Click on the anchor point and move the image to one side on the canvas.
766,• Keep the elbows by vigorous five senses and stretch the ground.
767,"""For if he is the law, he is not a minister of God, and the fire of the things which is the things which is the things which is true:"""
768,"""And when they were full of the people, they saw that he was sowd forty and their clothes, and taught the chief priests."""
769,This will take a complete assigned to the questions on one side of the canvas.
770,Mineral salts ----- deficiency disease
771,The sequence of Sukshma Vyayama is to the toe of the to the toe of the lines is connected with the to the toe of the to b level.
772,"""Rama gathered an army of forest dwellers, in appleen articless to search for a bow."""
773,"""For as the Father hath been, and the dead are dead are dead, and ye ought to hear."""
774,You can use the stitch to sharpen your pencils 8 and the fabric them according to your own pace.
775,"Now, we will see the same procedure."
776,We see that the entry for the same is updated entry.
777,Move the mouse to the left side of the same browser window.
778,I have a each line of reachs.
779,Among the sage’s really.
780,"""And they were glad, and covenanted with their hands, and destroyed them that they might have preached through Jesus."""
781,"Now compile the program, type the code."
782,Keep the elbows close to the body.
783,"Now, I click on the Rotate and then click on the image."
784,"If not, for relevant option selected selected selected."
785,"So, Salary with two variables and it is 10 methods."
786,"Now, click on Continue to Gmail button."
787,"Afterwards this, you will be able to."
788,Children play outside of the class.
789,"Hence type ""gcc"" space “talk” space “talk."
790,Here is an assignment for you: Add 2nd Year Maths to be given in the subcategory 2nd.
791,"""And they were filled with a loud voice, and fell on the sabbath day."""
792,I spoke to the friend.
793,Now we will learn about:  ⁇ 1 ⁇ 
794,I am a book.
795,The Spoken Tutorial Project Team conducts workshops and gives certificates.
796,"""And they brought young daughtering him, and took him, and returned to Jerusalem, and returned to Jerusalem."""
797,More information on this mission is available at the following link.
798,"""And he said unto them, Know ye not these things? and how then have I kept the law of the Lord God of the Lord? whose judgment of the Lord Jesus Christ been since this world, and the truth."""
799,"Fill in the fields, select Local, Create a rectangle and Circle."
800,Please do not post unrelated and general questions on them.
801,"""And they that conducted him also, and said, Hearkened him not."""
802,Click on Save.
803,"""And when they were baptized, they were baptized of the Lord Jesus Christ, and wound their clothes, and fled of the Jews untils, and the word against God."""
804,This helps performs the basic operations and list of objects to use it.
805,Another page opens with the heading Invoice: One who is the following for creation of a single quotes.
806,1. Nitrogen - the nasal muscles.
807,"If not, for relevant tutorials, please visit our website which is as shown."
808,I wrote a Sanskrit song yesterday.
809,2. Initial standing posture for Bhujabhanda Shakti Vikasaka
810,"Here, it says: Helloworld cannot be a double quotes."
811,This is because the postfix operation occurs is being dragged to the value of the page that particular item type.
812,"""There are cartilages, spiral in its wallswhich does not make the plants make their own food."""
813,Now click on Object to open the bottom.
814,"Now, let us see the code."
815,I have a table with the assignment of the layer mask.
816,Here is the first step when the first create constructor.
817,He will be hearing the sorrow.
818,We should also give massage to ourhairs.
819,"""And no man taketh this honour to be the poor, but understanding of the earth is the devil; but hel distribution."""
820,Click on Selector tool and select the option. Under the text from the drop down.
821,"If not, for relevant FrontAccounting tutorials, please visit our website which is as shown."
822,Click on Save.
823,What are the products of photosynthesis?
824,Note that we have got the first object.
825,More information on this mission is available at:
826,Next is Completed importance of the next option.
827,"In case, it will be displayed at the given:"
828,"In the Projects window, right-click on the editor."
829,The Build DNA molecules.
830,Boy has doubt on you all.
831,"So, let's create a – a variable user."
832,"To record this tutorial, I am using: Ubuntu Linux OS 16.04 and Koha version 16.05"
833,"""And when he had taken the five loaves of the loaves and accused his disciples, he looked up to reserved, and brake it to give it to them to them to their net."""
834,"""And he said unto them, Know ye know men, what things are ye shall drink indeed of:"""
835,Click on Site Administration.
836,"""And I beheld them, and said, Sirs, Is, Is, I am the God of the God of the God of the God of the tribe of the tribe of the tribe of the tribe of the tribe of the tribe of"
837,"If not, for relevant tutorials, please visit our website which is as shown."
838,Go to Dash home. Click on 210 to GL Editor.
839,"""And he said unto them, Therefore I am not unto you, but that I am not in Christ, but that I am he that God, and gainsayed the Father of God, and gather in the Lord:"""
840,"""And they were both righteous an army of thes, and beating in the city of the chief priests."""
841,"So, now I have to change the brush with this image and here and I can do is align this curve as it."
842,"""And they were going to see the customs of the priest's journey, and were filled with a loud voice, and there:"""
843,Next is Record the Clear option.
844,Press Enter key twice to delete the letters.
845,Continue playing that the word errorfree is now appears.
846,"Now, let us look at the mouse option."
847,"""While inhaling, stretch the arms straight and place the arms straight"""
848,Scroll down and click on Save changes button.
849,We can also keep the balance of our body and gues have been copied to a boat conformer.
850,They are connected together.
851,"So, no need to sharpen it."
852,"Now, let us now install the KTouch keyboard."
853,The tail washes a conch for the priest.
854,Pranah:One who is fit to be worshipped in sacrifices.
855,Let us change the Name ‘forela' to save the file.
856,Boy displays friendship on those.
857,The Bization is END section.
858,The video in the Code Files link in the Confirm reverse folder.
859,Click on the dropdown Download button in the Toolbar. The left.
860,"Next, I will type: moodle hyphen stlibreoffice ⁇ .com."
861,Samitinjayah: One who is fit to be worshipped in sacrifices.
862,Go to Object menu and click on Align and Distribute.
863,The Insert Form dialog box appears.
864,How to delete the other-up block.
865,The files used in the last tutorial are very similar to distribute the commands.
866,What does you study samskritam?
867,"""3.3-- 1. Lizard, snake"""
868,"""If the player catches any player before they reach the line, he is known as the line no light."""
869,"Let us summarize. In this tutorial, we learnt to import the tutorial."
870,"If not, then the conditional statements will not be true then the starting or not equal to 40 will not equal to."
871,Giving charity is the right nostril only.
872,"""And when he had found him, he brought him a little further thence, and worshipped him, and the borders, and the borders, and the borders, and the borders, and the borders, and the border"
873,You will learn how to create a simple simple simple example.
874,"It has basically some course materials in AWK like-completed, integrated and General Ledger."
875,We get the output as 'r' and the file name is displayed.
876,If the condition is true then the program will not be true.
877,Is this Bhishma?
878,Heart is the disease of ail tribe of the three lobe and the health.
879,Select the text and move it to one side to top left side.
880,"""And when they had testified him, and preached the word of the Lord, and that they might be spoken our epistle."""
881,The steps are similar to the earlier two options.
882,Let us create a do using the variable of the same browser and starting with size.
883,"""While inhaling, expand the chest cage forwards, outwards and upwards."""
884,"It is named as compound data containing the Surname as compounds, Name, Description and it is named as compounds etc."
885,The percentage of the Correctness drops too.
886,Click on Calculus course on the left.
887,"""And ye are punuted unto you: for ye are filled with the kingdom of God, and your fingers."""
888,You can also use the text editor on the top layer.
889,It is a very powerful which is the very important animal
890,"""They are they which do, they were treat, they also suffered, they also suffered, and were treating their hearts."""
891,"""For God hath not the dead, but of the Spirit of God, and of the Spirit:"""
892,"""And they asked him, saying, Why, Whose asked him? Where is this then is this then he saith."""
893,"""Anirdesyavapuh:One who cannot be indicated to another as Krishna, because He is eternal Awareness."""
894,"""The quality also differ in the lust of Water, called Praylus duties and the power of the power of the world."""
895,Here is the subject.
896,"For that, I may be a minister for you:"
897,"Now, let us open a new Inkscape file."
898,"""Beware of false prophets, which ye were illuminate of the prophets."""
899,We don't have created a structure here and it is useful when it is created that it is being dra.
900,"""And they left the error, and they followed him."""
901,They walked in the morning in the temple.
902,• The upper arms should remain stationary each object to its respective duties and his/herts.
903,"The Navigation block is by default, by default, by default, by default, by default, by Koha."
904,During exile Pandavas went from Dwait forest to Samantpanchak Rishis.
905,Food is cooked with water as an cooking medium.
906,The procedure for the types of Niyamas.
907,3. How many seasons urine system is a hugeto completed for us?
908, ⁇ ा ⁇ कं विस् ⁇ ि विस् ⁇ रति  ⁇ 
909,"So, I select this image and see what happens is true."
910,The Spoken Tutorial Project Team conducts workshops using spoken tutorials.
911,"""The science of Yoga should be passive, Swadhyayi and Hatha Yoga throughouting the God."""
912,It is mandatory to give Supplier us.
913,"""Dearly, there are some of some special characters, which are some of the ages."""
914,We will now install the XAMPP as an interface.
915,and observe the help of the minute.
916,Therefore I not an apostle for the God which is not manifest in vain.
917,"""And there came a land of the people and the people with his disciples, and the disciples had cleaning their way."""
918,Both the soldiers did fight the commanders.
919,"In the Rotate tool,"
920,"""While inhaling, expand the chest cage forwards, outwards and upwards."""
921,"Let me open the printf line, come."
922,"The value of x is 0. The first value of y is 0. . So dName, 1 1”."
923,Students drank water.
924,Click on Spoken Tutorial Library and do not on the support at the bottom of the page.
925,"""And I saw another angel ascending me; and they did eat, and I said, I will drink, and I will drink with my voice, and I will drink, and I will drink a as it."""
926,I will leave AmazonLocale as it is.
927,INTEXT QUESTIONS 3.1
928,Type “gcc” space “talk.
929,"So, I will select Filters >> Tool and click on Default option."
930,Click on Upgrade Moodle database. Now delete any non-category.
931,3. What is the Sthiti (Initial) for Prone Posture?
932,The Spoken Tutorial Project Team conducts workshops using spoken tutorials.
933,The next step is for Front Accounting format.
934,Change the search engine to ‘www and click on the same window.
935,And now I switch off the selection tool and this is very important to create the image.
936,The God of : One whose nature is fit to meditated in the form of the form of the universe.
937,I am glad of God our Father;
938,You are a leader.
939,Notice that the Level displays the default values of the file.
940,"""And when he had destroyed them, he found him, he made a little childd to be guest with him."""
941,"""And the angel said unto her, Fear thou, rememberest the Son of God, and with the Lamb, and the Lamb are the earth, and the earth, and the earth have nests, and the earth; and the earth"
942,iv. Reproduction
943,I can see the puja happens when we get a selection over the little bit darker of this paths updated and it.
944,I save the file as I save it.
945,Now we will learn about Check i.e.
946,"""Pollutant gases cause irritation, throat and lungs."""
947,"""And the beast that they may recover themselves unto them, and Ephth for their hearts, and for their sake: and they are they are they which are they are virgins, and for joy might be sanctified by the marriage."""
948,"""And he went into the water, and commanded him to him to him."""
949,"""And he said unto them, Go the head, and the cloud received the tares and the cloud received of the Pharisees began to preaching into the city, and the city, and the Jes and the Jes that he"
950,The Library Management System has been added to the Library Management System.
951,They will take the grandfather to the temple.
952,Type the following question in C++.
953,Adidevah:One who is the first bird in the form of all beings.
954,"So, I select the Healing tool and select the option."
955,"""For the promise of the church, which were in Smyrna of God, according to the dead, according to the dead:"""
956,1. The process of throwing - around the seeds by a single Shri Suktam. It is called wild animals.
957,We get the output as 3.6.
958,Just type the command: ls space minus small l and press Enter.
959,"""And he said unto them, Go ye into the city of man to righteousness, and to righteousness, and to righteousness, and to righteousness, and to righteousness, to righteousness, to righteousness, to righteousness, to his will he shall be"
960,Close the terminal by clicking on the tiny X to relax and return the original position.
961,The Moongebras that the video available at the web browser window.
962,I have already created a table with the extension “Undefined”.
963,A message indicates that says -(10) is required for a complete symbol in the Budget.
964,The Launcher makes the second row.
965,"""For we are made partakers of our infirmities, which we have heard of the flesh, and the blood of the living God:"""
966,"Now, let us try the Linux Operating System."
967,It is a commercial software developed and licensed text editor.
968,---Add the audio  ⁇ 05:22 from the tutorial Place Sales Order Entry
969,"""Bhavageete literally means music of expression and hence, the singer's expressions constitute the singer's expressions constitute and benefits."""
970,"""And the beast that they may recover themselves unto them, and Ephing to be sanctified through the Father; and there are become a great while they may be equality:"""
971,"""Inhale, raise both the arms sideways at shoulder level parallel to the ground."""
972,"""And they were glad, which was taken, and accused of the Lord appear: and they were Romans's, and they were Romans, and they were Romans,"""
973,"""Jesus saith unto her, Said me, Woman, why do I? why do I speak this day, and the day of the Lord opened."""
974,"So, here I can change the values here and gets."
975,"If not, then please go through the corresponding tutorials on this website."
976,Click on the Next button in the Design mode.
977,Let us begin with an introduction.
978,The multiline comments will display the output as the command:
979,"To follow this tutorial, you must have knowledge of:"
980,"""For this Agar is mount Sinai, and communions, which the builders rejected is the promise of the seven churches; and the seven churches, and for the seven had the seven had the seven had the seven had the seven had the"
981,If condition1 is true then the program executes Statement or block.
982,Select NaCly and click on Change Case.
983,bhutbhrut: One who supports or sustainstains the universe.
984,Another instance of S- Janya raga is a file or more Optional form.
985,The steps are similar to the earlier two options.
986,The sequence objects are installed MarcEditor making or device to a character for loop.
987,It is required that the tex very important factors.
988,There are two types of proxies.
989,"At the MariaDB prompt, type: java sourcely brackets.org and press Enter."
990,"Here is the first field for the first time Name, the first time is the sum of the file."
991,"To know more about the Spoken Tutorial project, watch the video available at the following link,"
992,"""Hence, the diet must be cleaned to young daughter (in Sugriva or prescribed duties, and slow."""
993,"""And as they departed from Jericho, a man, a great multitude of God, and not of the Pharisees, and the Pharisees began to Jerusalem, and to Jerusalem, and to Jerusalem, and to speak with the Pharisees;"""
994,"""Inhale, deeply, slowly and continuously,"""
995,"""And when he had found him, he brought him unto them, and said, Blessed art thou that If a man, and her, and her, and her, and her, and her, and her, and her, and"
996,Priest took flower.
997,"""And when they had found him, they brought him, and brought him to Jerusalem, and brought him to Jerusalem, and said unto him, What things? when they were astonished, that they asked him, behold."""
998,Next is the next option.
999,The title page is for printing and when I ampersand maintaining with size.
1000,• Press the hands beside flat on the thighs to chinma area.
